Serial Number,Filename,UUID,hash
1,adewale-the-amebo,cad316c3-37f8-4b27-9f53-9d803bfcfee7,cf189cf12d37072ad8500169c3b4c011dc44c526c95fc1fa1f79266aaf051f3b
2,alli-the-queeny,a57ecda4-a26f-4e97-a757-e1800af39aab,c3f32a3ecc50088f8b0237e1aedc7bfe6bdbdd9e732b8d05a72ba011848f9e9b
3,aminat-the-snnobish,0e37ed0d-3e84-4f32-a91f-ec9c4ba8c7de,a4f7bc0f1e371d8fbcbdb443c572c8429a9e530ea9be5120147f34e01c93032e
4,aminu-the-carpenter,4f30b751-96e7-40fe-97fd-e3d44973ff2f,d289eba4e82d9c20e3afd14a8ad4e9bf8029a4e165db450b530fc0a08514f04f
5,chibuike-the-kudibag,5ce854f2-7ac1-46fd-b3fe-57583935d1e5,d507019fce3091806242b5bb69b2027c36e0bb3180095939794b5119ccd982ab
6,chidinma-the-model,c98db72e-49ac-4ca6-89d5-e00f5fbbcc45,6cb5329df6e0e91bc611e0b8d534b8fe9c2451cba2852676a57571026c4c8cd9
7,chioma-pretty- girl,182ea888-a85b-42ca-ad73-ed4f8f9aa5c7,c0a0494becf595a294d0986ae28bfa50e6961638f68892d1ae5970a4f9d4ac92
8,damilare-the-handsome,27eca2dc-d7df-474a-8f8f-1858152c711e,57b2b14e9a82cd0f537cd130c188ea0042b4be023af38fa8889f265c4f3a5ff4
9,ebiowie-the-planter,f1df8270-4d60-4bd4-8959-ba7c384db5c4,3b1f8f32fef6f2ce2167a1ab81c5ca3f64d622526b7a910b088524065b6c1cd1
10,emeka-the-businessman,9b3d75da-4887-4089-aee4-50de3954fdc9,bc46452660afff33206d5c85559ff2c0d8585370b9f8dbcb7c577c772b3d4af1
11,gbeminyi-the-monk,c8b1fd1d-8551-4bb4-8dc4-923a9aeb39fb,047b4b9f9546c340944bb580cffa63a0dcdb1fd4ebb93aff589da4e262250bba
12,henry-the-sportsman,e1225451-bfdf-4a1f-8d37-9cce3a0bd67b,d431d5222940f5122f2705c303ae18bfafe4715b91737a0edfca8913c652e5b2
13,mayowa-the-smallie,dfbb4163-df24-4d54-b74c-6218a68df8bd,d5df3af70590b56085cc71724b94223d12fae616a7f97b50fa6bf6718abbcfb5
14,muyiwa-the-stylish,dcf9d5a0-57b7-4126-a05e-6c8f1045d3f7,cda9386a000333d47e8ea3c5fdb3200d5bce9c1d57a24e613da8c192cda6b88f
15,nina-paper-chaser,59524227-dc52-407c-8cca-e9e8c5fb3018,a244335dda037511f618b028406753260b43b4f5d422e0fcebe7eac94a77ca70
16,oluwaseun-spicy,808f7007-6552-4efa-bd13-4b7c337b102b,f0a9cc50edd05788fa0df540b36e68aacbbaa58f1b6c942c7e8aed1431d7ae84
17,sesan-the-smartie,ba3edda7-8940-4ca4-97ba-826398d5909f,d90535b6b2fbbab9a9b0bf12249233b82cfa1807cd028245172a6ec16f6173cf
18,tiwa-london,78da7aeb-8352-4e25-89ac-dc48b5984089,abebe1af2d1112e00ad65048d013acff957462f64241ec0ee90636ac42da0f5f
19,19,53b46bd7-a537-402b-b249-0b4074a8faae,7048d5e87f6e21fed79f5e0337e3d337d9bca0bddbd99b39e9093e1648eda537
20,yakubu-the-zombie,4adb6781-1614-424e-8f77-fe59ffca2209,37392d1460be568299abfafe8af4f3c9ff3c7fda9f6d27b98bd3ef703324a7e9
21,abdul-the-vibe,770f817a-9d9a-4772-9a91-e66dd9d03470,ff5aa0c7ae904064d9bc1f2ffa61be60e183d62c0a05f4dd52661a56bf7ab460
22,emeka-the -clown,78810fa6-a7ef-4d83-bf57-caf49db4ee69,1209d9967a68f0c43bf1ce199320f138d4098874bd4c3d7a9decb8b5c268a6e5
23,salam-the-odogwu,f2957ded-022c-4b07-92c6-b345d4816a67,7a6015b06d6589d5a29fefc090a73135a77b7740f60650476f6784eeb3a592f7
24,charles-the-exporter,09395e76-19ed-4852-8748-795ee7496a8e,b981cf5597b661faefce17aa88defbbb05bc2fa2fdc3256fcc38dfcd012517cb
25,wole-the-pimp,4d94d4f7-9b69-4e43-9db1-1fe83df92857,f87d59ec3a52051ca1df4e23ce0dbc683312da439799bfe7482695cb4234264c
26,saro-the-baller,d35a7514-8996-42fb-a5f2-5a603ec679c5,591b3d000cefe0323920d8000ee92fdff19ce5e0f82dcf1337a0caa43c88ac93
27,ade-omo-yoruba,92984fa0-310b-4377-8a10-15965d044383,af8332c99e54d02c7232741b5517118e1cd96dc88fa19b6061861cbbc3b712c8
28,shola-cool kid,3ac5c186-bc14-4eb6-8567-cc818465a64f,e761050a15e0fa06208d787fef79858ea65f33834d83ae0fe834237868865e26
29,charlie-the-smoker,71a0aa22-d111-43b7-8484-43d87310bc42,27a56dd4ab44668d03c487462c889b438468c6b7e74861b815c3c07dedb3b6de
30,femi-the-badguy,e493e3fb-a8a0-455a-854f-0f6474bbc69f,82b630ca5914e86c89118353c5aef12b1b87261debe41dc7b6cf2f79cead140a
31,sinzu-money,942f8347-9932-4331-bd15-d0f3a048b54f,5520e6920ce90a51e2789fe14a01786e3adaeec4fcd83de7d3b253ba86bd05a5
32,obinna-the-palmwine tapper,0f1af056-2548-4407-bed4-abc11deae05d,675b6e0ca74a75783b66b22a43444c7159a16c5c1d8127e5fc566bc4ea5410ed
33,aminu-maikudi,0129e7a5-e3d0-4675-92d0-1a1e55d11612,d83a5e89161d32021f11166c798f02f7728efb27c23f8b9fa2701b7f6920c3be
34,sabinus-the-town crier,01d4ce96-818e-44b1-8813-68a7d34b35ba,0fea5e8b391cd7638da47dc21186a4a40adab72c20f40c381b9d61e2899961e4
35,adisa-ibadan,3a925f27-35f6-4dbf-9960-c6527fae5f3e,0d917caa2140b362f25f55fb61f02568419a2e5ff27abdfcd6c87b7af3acd554
36,linda-the-navigator,71f335a6-5a4f-4410-9cea-179336f0e498,9b32b40a1dde358963fcb446195692ec3eb786111cd8e1d2a30c17ac6ebe86db
37,kemi-the-iron lady,35b11a31-5b92-49f4-8fb1-30f255d22054,bc124c5b7c434a433014c44ea49960c39f692fe5f05e6904437cef63db7a64ef
38,mercy-the-sassy lady,7a3c70ac-927f-4a63-a3df-ab86dd27cd0f,ebe91304843a241d0b5e4b19ce4c80cc4d5ed27cdc684ecfffd2a3496f06cafa
39,sandra-money,1bd95fb0-7b2e-4354-bebd-22f9cf70a1ca,09cf77d7b7c6fa8cad18dd7a232bb192983b62640cd75b347c2395ee1b5db814
40,bimpe-the-fashionista,92b548b7-998b-46b6-8198-80d407209483,a5af7a42c949beda9071917bff6fcb9cad29f058b4797cbef869bdd519aba1a2
41,,,de1f565552a27c4b94c5411a5f09180bcf79f0861bf8dd2a59482bc025b29337
42,,,1bf08dc008dc20af8182984dd5db5d6511ee7ddb382e96975bba097ef89c8f76
43,,,7cb0c07031a34e51408b3d68c2a1f58191ec54ecf77ba0e9c615e0ee50cfb844
44,,,b2b486e0c19eb90be78d93d7c077cf8ab5c33fd5ad2566f777c5861f4badfc1e
45,,,2702c8654a040b048c0538f51ef97b1f75fe13ee305ddc8b7d94369c18cbf8fa
46,,,babab4370a32b1902a90c186df4e973bc7c4697d39c8301d103cae81d0eaefc3
47,,,433791b8906956ce58ebcdca81ce1dde67c9d78fdc1c853172c564f8563ad819
48,,,8903a1b5ae5360f41c571eb52cc1672d4e31c6f45dc4c7a61642be5ee0ff773f
49,,,b92b9c1c7b56b07491bcdad4bc669b3f133fc93507c9dfabf09aa372645fb64b
50,,,b7995f4a3fc08d2c195d15b560761d5562831ebd34cd96b5982ebba5a58f932f
51,,,a935a43c9e8bd7f2d9448108a843df7eb18bc864cc09beefdc45973da80ada8e
52,,,4e00b47648a19ba5be18e401a3570f936c5758dc3a5a3ba128ee84903bdf8c0f
53,,,ba295639cd24e00b523ec1e40c6914b945835d8692f0fef42167142458c8fe82
54,,,40ed981088378c8e27ce4be9e3cf949e27c68fea2b11f9d0d56a2ed3f80fa17e
55,,,53b76fda62222a2500598407b7cfab65f64620d9639a59b07c0c359c9544d520
56,,,4eed966fd52611d2afdb1d15eec5cd01fd6db77f153bbc7f6f0c15c51e315107
57,,,2528fc2b549df9f14e3cfc8f09c5762b06a75c20ae72f53ba652e1a12190d9b2
58,,,7153e227ad8d3eddb4687e39b6b494945962f2bfbea78e5279f8282626b1e78c
59,,,2079f1e4fe35aa2daf70578629ad474ad1177b0198ed6cd088be9f84d244acbb
60,,,657e9eb27d8b460946847ca65699dd24bc38bedab9bb1f6596076d7ecce6ae2c
61,,,a0f4d1405c4ad7c5a0f56a538a95dfd07f8e62665472a85fe25e174a1f7b0336
62,,,f9695afd47208a10573827db94cb48fb5593944bc52a50057523371366a6b785
63,,,231cf2851fa241fecbdada523d3adc464d0ae6563593c90c714a6acbc63fe015
64,,,68c20000dfe17369997828adc87ea14f4d97880e9f0a0fd10093e35f7c9cc1b0
65,,,6d3e9972b1c34a2d88252d215e57c8eaed9a2a17f8de90882231d97dc9d84fa7
66,,,7501e959c7302c1cd8b636dbb4f365a5cac0cf7539ad42371755794d5c840245
67,,,3c4e9b3793e7de5db5a2b4e40a2f9b673d7771c3766e1bd16c4c7dadad93704a
68,,,c189cec1d58dede3c451849f99ca9ce6c02bfd404eb2b529f70d7b8a6e23cd5d
69,,,8cbec62e5a357d6897c06e4eba841fbbab2035b9fcccd6b533b0b76e2f71db20
70,,,dd13300e638e8d6f83a2e084666b2d79d05b6c085bae9bab21fdad955cf3ec60
71,,,76b1a901d8f85c00066b3fb2c91276e53f054bdbabd247c4aa241c52de3d828d
72,,,d968712b29dbeb4044d49b4d5ee3b0fb2a20465dd5376b8c6f2cd1544227e5aa
73,,,8d4e833a6c5589981d71d4d4b842fba0aebedc90486b571e9da4fc60aeab6b7b
74,,,ab7b6fac6ac4d0efeba16d76ac4c6b70bcf8ca60f10ae674925c2826d1a45bae
75,,,6cf77d437fce3408d72bf692dab93ea2ae5642c28c427455203b269d794f78ae
76,,,ea92a62cfa4b84e39335b9db082399b4dc36920353ec4e199e2b8b3e903054fd
77,,,49d8a81b2bacbc35d9a51864f293acc7d175c988f927c907de337f75278728bd
78,,,dc1a843a4e046d61ace0152d5bf07c3af871ba0651efebb837a1dc9ab78cf7df
79,,,1c614df1997307bf82976178fc939c73a80d1f0d0ead84a457ae9d5649db2d0e
80,,,7005dd95b6e8df286b4033faee1d4b1b3b4ba18a632e84a676c900af0f1a814c
81,,,3f34d31a9244ad8d42218514a789863f55e3756d8142fc95288107f00cbe5919
82,,,e66c5784697ccd889037a4d6a414ea9446a744f27398b412a732ee1c86ee6d5b
83,,,c4a214a8dcb777f39cbbd1bb3dd6fb098512c33f23a56daae9aee32dea925317
84,,,2cc3a1ec4d6b25f9dd1b84048dfad09aa15264fc4654b1300ab1d534562e1897
85,,,9b74cf20477c1a5e0c1ca6859ba86d5c5e4b666f322797afdde66eefa41f6885
86,,,758f9fa8b1fce51d50fed057fca9e656fe5f1d5a820f4cb1316843915f576df0
87,,,7e59e1a46ea2042296fcfcd28e2a6c7159f7834bbb02cce85d2db01ac6339041
88,,,89e66407d92b199aeb238ff5c9acbc1694b95a70806b3b2532ca4f4c6de5e516
89,,,3eb04df54207b071cf2a1649d2885de26f417b9aee1b6f32718d5295b67b6b5c
90,,,a3af5de79f6694821b26298b980278b82fe866fab8aeeb2d7763da80d2de5718
91,,,3f3aa5cf70ae50db49ef3146a4ec1d46b5dd4b23cbc92c545f88f94539b81d6f
92,,,35e165f96181587e212e353ebe66df9056a4b510852df250262b60d15f690ffe
93,,,11b632d329e63c8b7fb75ded71423d4e983c522931f0ddf62d050fbe5f68e75c
94,,,13853d05a2974b6ee5ccfcccf18abb41926419bde8f01aeafabbcebbcf7c7084
95,,,b052c25f7706408400bee37d68a14dbbce08b355c48c3a41e9d9cb43e2b014cb
96,,,46ebeee4302f0ce3b6bb099f19ed143444283b462edb30234ac9356c5a080ca0
97,,,93303a8c90d9df286ca962ee8efe11e84ad8ccd6fbc85fb11209e9332b44e2ed
98,,,c0103e539c9fd5dcf442fca218ae1030c3f1ebbd53cd3b7c986c0721b02980e9
99,,,e8703b24a9723c5d7c9ee79d02f0fb0cbfbb475562f53941fc11830a77717480
100,,,43501d82a5792acb643c0e95a353db8b2a9b54d354e5c1f3eb02d65e0d892140
101,,,9cd13a929fad4bb6cb58b47115e9b266a87a1d75f454d22abd0e6439166f778c
102,,,5929cf585a7e71a932ed02ec607cbdadc8495297820699a5535e99ea23798679
103,,,c78711f16a051a2f4c417a5226e100e8fef0dab90f90d81d2592c7c222d72323
104,,,66708ffdfe5927607117b2b2aae39dd330a5405ff7c88d3b114f9ac9f90d3712
105,,,121a573a03459f45ae2cd2169aef81a146ad62394128c23790cf7b01ed79cbe7
106,,,c10aeaf72f820fef98cb3b562c5fcffc32e508fea61731f9c1c37973bdfcb0d9
107,,,aa99836d633dd2c90fad433abff38dba139142df81edc95e4fe84b2eb6e0f4b2
108,,,27f21b59aa2599cab7bf97745794a11b58cbcabe32d0524a7d8d9b6e541872ac
109,,,d04a4e53c973a4d2ff3beb5e10b9ea06ba1dcc0383e2950e6d8a6bbb965d0935
110,,,1f80305a706293d535cd93f0cdb2498350b41ee72528069d6368a7fb5078ff37
111,,,64ff08d6e185457f7fdb2e265859e23075170d213111bed839f1d0b4c91d555d
112,,,359258a27c2ce63474701317cf5e84bc8c74268399f6e77cf974f0b4f2718a8d
113,,,e2d40c745265666f37c2d659acbfa12feb5189217832061b7acce53b836b77fd
114,,,c853f1772d7cfbf5cf0b1e59e5f2fc653dd48b300cd4fb1fb09892d52cbc1524
115,,,fbcd17d3c1aaab0f0aa2bab602740be324ed2b457b2c1079bc582c92f39a21e2
116,,,c37a09ebdd023c8980e3faf6076860b428ba867da1b01c23608ab637c05e07ba
117,,,7e4435b0768c9c1f687059dd085d0e2062334c05e8cae2212570922cbe95bbce
118,,,e402113bba87b2b1195a77f5caf934e8f25f152100c32428403d8207b4a03b93
119,,,22c9f792c28f8f7bffac12d0ff8c4448ef9d1318d832bbd2f0291c45b47bb92b
120,,,b88dbb4b19edde44a52496eab4c8e7eeb9c02a904e595b266861565ce4ab2299
121,,,45ebddd6a33a72efbd0fb9643ab0c2b866d38c64ee2a739b1c2a227bf6664b18
122,,,6ce6e871b8c455d6c7d33eceab45d5ae1f8dd41719f92fd59b54918d73fc999c
123,,,2ce2c57a21cb6a21e0a48f743d2500e3b319495bb054849da0b385509bb68e9e
124,,,3fbc26f894b53caf9ff3dfe4e07b3c9242b3080de5ddfcaa71179d31d16d35eb
125,,,863c498efc285df4a895fadada985eb0bb218bdb0454418aef93f19a68a05133
126,,,e6edfd33cf65b6ca1e81c1a67137429289073f9b7d9f8578ad9fad37926ab982
127,,,d821dd9d32531f35818bc112fc14ce17ff834074e522ffbbf7c0156b1b442e05
128,,,5762018164f918e72c94eb129bdadbc3ab82bd1410e24999181a3be0e18b4059
129,,,ea1d5bb50c62ac9b74c1e76d0d3066972900e641f9059569c47100d968000fc2
130,,,45b34f8fb26e2f786b359db11f11eb5bb304d24630b24bcb3d9a1da39c5805b1
131,,,fd94c32dcc1555c471293e36122b82def2dc352611dca0ff02194a37b693073a
132,,,24edf3f1a9e05c3e5fcc0ccba415df3f1c161232b2ecc79e10c8ea1c066cd108
133,,,5a763ebaa0cbf22a5f18003c0a155fd51adc35e602caa19dfc67aa52632d8f31
134,,,22a167ad24b7b4013071b92c6dda09d3e2fb30bd7f84cdaf6ffc55e2709b6e7a
135,,,bd8be1ee9aee2e9aea41c9031976b84fa8b5f2a34d58a57e724356c3a397d783
136,,,01662940a3663280342551904310ad941fc3205518d24af0e99997701d0b3ac1
137,,,daab3d76439d88412f1d42600dd52b959338fe4dbf3d4cffff4ffdb252351c95
138,,,4e54728a7936185f98b0df1780b623870aeb6013eed1652bf9f6dc05ddc852f8
139,,,69ba0e208d062b8fe2e21aaa0277308888f8988771482c4f7a68540f739b6fdf
140,,,f2186a62486cc4aa3038738a6e569bf72af0bdb5cc3ab7392fda6d91fcd7d423
141,,,0e91b0573ae5c78f0c7c50f3236b83e0a1345d210375c48f082effa7afa81d97
142,,,27bdc5c4ede57d717c157def4e6d4bfab7a41902efc1798fcd424d9ff5e5172a
143,,,c68abbbb97120448eee15e2a7728229dcd8a5db4d764ab44bb0cbf054ac39279
144,,,ffd93c77015b51d5d65f0d087fd86b4946375fa95105d27c8f76f108b5dccf13
145,,,66b042678569f40b6d0e77a962cec19d08f2ee6ab4cb1fba6ad61ec1780d31a6
146,,,48619c3da3f86c221db6736209d97a15197a8c358f0edf3829ea79504b463897
147,,,1f46f0347df97bbf25b016b4b2b3089d3fafb45dd6070e7bb6a67c64b8d1e1cd
148,,,22c11a0026c55d0272508c34215d811cee1d5010bf1d537162b6a575ab9aef1d
149,,,fb04590389c6b7822624a9953f42fa54462ce577f87d51f6ca1bc2ad7ea0f8f0
150,,,8bff38184d76182544711e900fbc38dd1cc4d9abddbf329f30ec3fd88136fbb3
151,,,9a9f54b2c29df3fa895c88732ee46a9f7687d2bc43d6d88f134d956b4939193b
152,,,17282bd84a111ffaf7568cddbd3897ad08978da2836eec3fe8b4ad88cfb926a9
153,,,605725647c704896cb06336cc1e09ff11b253b02f204db8f5c247789585bf8f9
154,,,c1fab738c2d79304f531c1fd1f688cbf62190a6ae8baeebc2b4d52adc8edc8ea
155,,,8f03c104771877d5adaf5b607e50f1808b52dcb7124e911cbbd343b56589e91c
156,,,80726bacde07ed116e7c24e6d581ed17664264867e02400600e8be2a93f9c868
157,,,599891ab032f79d1fe23dfe95a3e6ec0e8da5381c7d8d276013aa98afd288c22
158,,,ab2fa59bd8f5d873a53813664bccdb8aaeadbeb6258a46139a2a1cb93e2490bc
159,,,361d79f53f36e8d0ce5ff8ee5f26937952ff15d87c9978839428f7dccfe3bb64
160,,,a7c99351e21f27dc037455f1997505f3e9fbc53ab1e297c487f3d7527c360fa0
161,,,51c4d603eba4cd37264c6f0faf4d93a2ffed3aa97e752a5b0c558c3ade2d9d8b
162,,,cf3bd47e7f60d19292663acaaadf426cc6fe132097a388b7a5af7c56e838ee21
163,,,17228818483ee2f5302adee02bcc4bc06712fa380c1e64ce4a5dc9b7502d29dd
164,,,7bc80d39e419360b878410b36b9dfb7367dd0eed279f31f51a5bfcbb1f0065b3
165,,,dc7d04cc9314ee37200b606f0c4ac9079798e328fcb227ae00ddf0615acc7dda
166,,,e30e0d35aa1035b7f04fb156ee98d7ce6ac7eae6aa7230c55e80c01ba03c7fb2
167,,,e22cad6f8b88ae84299d85c81a06ccf5301a09fa0c8a3c55e9baeda351b9c468
168,,,03015c36009ef9d20c5d0d2645cbd4f2e4b6efc4deafe97eb995f899fda3c977
169,,,f3f017b93190709029edfb652c226ec7211c06d95a3f6c07124daff816eeface
170,,,165265fbca87e5f19b0da7cea0be363015e56a0aefd0fd920ed9e2876e50f00c
171,,,474c5d605988f75753275ddf4f4263fc779d69603ef1fc7dedb73b3e90cbefd7
172,,,d479d7dd365b6439e08c252e361a13974915d1b15f4628ac3ca14b1ba752f0c7
173,,,db3b9e39c2776213f67530468e9e255e1db57b76384452dfcf03f7b05b89cf13
174,,,699cb55c28eae9cd7e0502a7526e459efb178a15975cfaf76820ab4050eaa1c3
175,,,7933dd94f8e768aad7244e77d1d257174f1d3fd41188d2911c15a6792addd155
176,,,45e7b2fae3e08e2eb9cfb6e5d3ce7adb74c3b09c2b56e6f160b14b7b8109f4a4
177,,,b6caf662af0d6fda764544164c014095d9fe7d47ba15d27d2a4caab904badf93
178,,,8b5bfed1dc12b6b827c917481a0eda38ce865b1cada596d7062e0de3f4d4b0d8
179,,,dde4e427ed34a04ca6f5d7ce392606b379e8d97de103565618fe5651561f94ef
180,,,cd47d79344b5c4b9480d03a13903c8dd02cbea7499a56bd7b56abe5027fc731c
181,,,cd1ee954d30a3d3b2a8c4ba852eed0402dba568a55c5c14faf06eaa937491c87
182,,,8dcc2583701f0e892a5b68ae84935e3fa70823234c5b70bfd036b558aba39591
183,,,472c095ce1ef813dd7f961065123698cb718169135c3f09a8fe935b834ee7e01
184,,,2487c6b2d31df281dfb4fdecb0e14a275204a54c10b91f7f280b5cc067923992
185,,,64aefcb251c7d0296927fdc17f1fe760c2833be9f04645cc1806076350b3a621
186,,,23821b733f115f1a9a895703a140a8842d84533692ae76d3873a32a7c5e05bd9
187,,,bf5780d19168f778dbd7a4c165560f502cf28519ba99cbfa0a2d7236c13021ae
188,,,6edc10360fb5473018d4320991194774ed3e2b08d4b2fb151ab38e3bb43f3983
189,,,f20060c2337f0c3bfea89916dc8b0f10b5bb22e68fd7cd92a2714a7c1b38eb17
190,,,1337570ad867ef9957c355169007993539e177a07d93a36923338e1a72b0046c
191,,,243111bbd7ba3586a4e9346587ea97de06ceac3d99f5983e6873ea4b44454706
192,,,6c8644b90bc6397e705d827f3e92ae135b66095d90a15fa8532596c1a5d892ad
193,,,53a28012a621255cb88e18cbf89cca0cee271a63e70e71264c1dcafa133aa0e9
194,,,9f7c4d7f02a6dfb011f16f8bba38a8e2ae95f0fe82806911858f8939970bc39c
195,,,621487a18c94fc627a8a8d594c56a82cb659b1b2f94e6c3e263a4a3728bb182c
196,,,247861646223ee60060c66c3750df816efb06d8bbb9041084761fee48308ccea
197,,,6e74b71f84014ebf9b5ae0a763e1f7b9d413341d41bb0ed365c0b0fb3c1320dc
198,,,f04262b7d1465ead435a9686c7f16c9efae304514cee57993da9f9377d85ef8d
199,,,7d76dbf67b369aea62db4ec3186c70cb694c8c23a820d6dd5cfb2d5d87a49857
200,,,2f7d567b1879de021c6c36e8a839f85a58384db8a6c29ecd3e7d6d520d4b139a
201,,,a514a0232a450775bf98c6216dcd4ad93d874ddb36816c405a4e8c89d169efc2
202,,,a1fafee6eb810cd588d59656c724b3fa2ee01e98e4f76fb16a0419b560cbb91c
203,,,ade296af9b02cd397cc55668c392fe78fe0a084bb938d0927430ddae31094d19
204,,,ec9ebf9d029a3fd4ccb5a9a0cbc8fe7de4f608f60c0cc19c3ca039e6fe21ccc6
205,,,2001a1e00eea268b5cf4ae3809b2dc1a63a61314a1e4493587d2dc8fbe2a9920
206,,,f279083f20a1092bdaef452adb0668b09e182d3de1706e4bb4fc3e62a18373fb
207,,,cb2f0aec92f2018e01edf24a085adbd9d120a9b4fb4606c218e0843b6ce7e2df
208,,,e7ada40dd9435927d6128d156a7f836d1ca3d6be9f58bd1cdc8573bfdc6fa307
209,,,59cd62ed2f57280b6251eb0b8957ebe07c19ea3917143061008ec59653108114
210,,,780df00c19aa574c1f6cebca5f2bd4962b0fef221580c084a5e5b5020718861e
211,,,33e2bf8f7e041e123145240cfd8c53170b7de02a0876cb407e57855ea7bce69f
212,,,282fa4d9e3f7d01b788a64812f35a27325f5bf6f8535422b1537bbc41d142d6e
213,,,838021aabda586eca087c68b53d94865cb6babc87da09b15d0d7226f49c09517
214,,,54bea6917942aa1005aebd64a321417642c1af63407ab18becd8444b177f486b
215,,,ceda8c9626aa2461aaef9c19854201859f32e58854d298121d65c9449befdbbe
216,,,5d376a020cad76695887d0a19b01a96d208b95c10da274cd2d618f5c772865e7
217,,,c43817752de272952e2d1c9018d1cec9eade921a41da35fbdd2cb115a5d1d63a
218,,,0b3f4f8612c8750c800818fa78023500c9dee4dd66ee2b2d3ef8f8f341e42767
219,,,cf4ef554979d00d73a02d59d73c19caad98546180f72581e573e71d69fcb2fbb
220,,,bae08c107a80a8c7c28af1f6122d15feabcacc022acd69a1aa4ae4dc0340f387
221,,,d5b1179b68a9913e5ae9186ebb578c98d2e463b930e72e61bc31b57cf93c8f14
222,,,2abadbc1d4c5f35e50d26b4a1a557607c84046438c28336bc8fbe180f80215fb
223,,,5edd6b4a4ca9aa8fc77cd030d3cdf162da4c2bef430086e0711289256cf5f3e3
224,,,3b7ba2a7b3fef08f88c66281d456890cf1a7f459ff4f2f1e4497305152ffc6a8
225,,,1de970a68e3d908d3dd251c898cac0e9d3141af257cbc6ce1f6a868dab7145c4
226,,,de3920bda87ddfbe2aeab50912a609d9eedefa203a8098fd5cb6ee902fc2f25b
227,,,53a96578845a6b4788d18aca1d34252025069135519110c4ca42330777ac3493
228,,,eff12c7b0f355eaf781f20ebb6050207b6efffa35731c21d343143cfc9bab56a
229,,,4ac4634edbf7460958939b349fab942d55217abbd82da2b3c987c0a9558b2645
230,,,f7ca83dfaeae8e2f79b5fb3e0631cd8ca8388ad7cd2c9f0b7be155fc56e10cef
231,,,61fa2c1cb6c1e2afab2f4b08c28755808cdf3b19a2019bcf52f20a7422cdf3de
232,,,d669f93591695c524e5155c2c323a376ede3d3e45fa0b92e1a5ee1b4f30f3d2e
233,,,c8f048b4c5a81509ed782cef3aa89e0ccb46f891f49532de92f5491a1ba5caee
234,,,77f426a03d5813e19d7d8e29fa693e307be8f960eeec48bc803365bc9a26ad29
235,,,3c1cf8001076e49aad1a42ca54fc069b074fbe71e975d8fc7e9aa7c7c2967d7b
236,,,372512823e52ab45a194075c283ccda183fe6b052b28f82533728d4946a2673d
237,,,03af61749934386b425c304ad83471340fb869c765e1cf9038be3a3204b61146
238,,,74393f3a435cfac21ac1906a72f74891994c2574eebdf64f2ac40fc36c66485d
239,,,3c9822b561e4caab7e718a640b648ae28de1b0ed0eb11cb93ee07a01a6d746ff
240,,,26f47b20a1daad3e7a0b3c9cc1b0e7acc9474196f17f6987cf2feec10f1fd681
241,,,d7f7ce45cf9ec0746d6a15ac4a1d7d923ead2b8787ce7255352c0f2bc3f423e9
242,,,db7eb84628a3812725c688a629eba6af2fc90c8957f82585a3e47a76e5db173a
243,,,643e53a2637452e4eaec614bb753608965c72ec93a7c8a5d13fb68fc61593efd
244,,,a74a0f0a01ac7bad0abb4b9a2288b5218631b5cee73da528174fdecd55e106cb
245,,,a52c3ee39c47a73935ccc10beb3ef72a5728b96eb1d86367ebd283bde194ddad
246,,,288a9c62bb510f6917e842ed8381f949f847567b487af0c115d97691eeab734a
247,,,250a4214952fccb0d04106f6f80870ceeb0ffa128225a6b8a3054279d1fed79b
248,,,75fbfae6cebe27e50dc893f2d63d25db46af5262213b2ad6a9b5d45173fd8a33
249,,,841a279e200af9ac4876fddc9f19e19349c3676f74738865646c82dfbd13a9ab
250,,,614a6e663f8d599e46cfb4693c6f0a3f0187e5f03ddc69e6b975d3c0d963dc69
251,,,4f33502efc018fc40bcaf6be388022011272512d20731a0f8a70b3a7805629af
252,,,afd15cbef67dc890a2b7ffc99164b713ba24c066584938e2c27200b0ed199c8d
253,,,702f76c3424931a1224abd74c299f06a5a12eb303bd31500ebab93b287de5ac9
254,,,fc2a12e21285557eab434c6408d309b5869aff6fb283398f4fab67f3cded70d0
255,,,f1f31cfeca9d8585688c489adfc6b8eceafc1d0162c3c76e75624e385144fd45
256,,,63d181bc1f676241eeb508355b719f5e8f43a65e1211600140cca1ca390a57f9
257,,,f59ac32efc46fe20fa00abcdb4f89836e857ba2875cd68832282cf88b0451c40
258,,,08e9d3318c76782cac6817e9ae1b460702a936b467e4a2e47b4c05183c1ca207
259,,,90e968bdbed36a90c74bee7c7803cd0b3b3bf119214a5013e5599726aa0a6c76
260,,,2f5154bd95f27cca13bf1e4519aadbb066bb6882da7dcc3b2c428ee68666203b
261,,,2158d162894c2264a34d96eade325efb5274d9bf605a79cb8dfac497d22eaaf6
262,,,35c4f29a127de921897504ba18da16fe35831a0ed4d73b7356faaccb71c3487b
263,,,f22eda7bb4cc1cffb7787fb87d1ecd29ac10472e2a6f5f0698ed0d00ddddb0c8
264,,,6d592ee75aa209d61a2e7f42efe2d93235d530a28d339fc93d1f66f19d1508fb
265,,,93ea575caf0198be8082844bbd03caec6db1fe031799ec4db023756d7dba25d3
266,,,b13ac8205087f8ae97644bfe98221b7cd1684d5ec946d9afae66d2b13a24d73b
267,,,b0494ac78e11f06c01167ab02bbc0f2d100cc2ba06a380b595bc712bd61d3528
268,,,fec26637d1054a1af6476440b2d66b5ea2d8ea532ef3e1e6a9cfa185446c464e
269,,,56cc880795badd7174608ade69a00991414d28f26df806b22b35db400d8a6fc4
270,,,e7abe6fa18c24586df55b9753a8ab0fb86bf931a7439cab8e3706c030efe6287
271,,,e34ba2fc91571165fbe925e0a6959f6712416450e44480c6899ee497bef045fb
272,,,53b2e112a430137f0b4c900c383003f8f4456c3e7cec52df275ea3df6fa0f3a9
273,,,a1c6b6796d5af7de0940950eee963d20c7c18b03688aee28061c07bd1ff09263
274,,,dc2a00df387b61b1442f176867fd60301446d5e2b45440eabe3a4071a33d7e4b
275,,,aa95f86e70c0f1a25565226b4a4deaf6d51be9930667f8ee0ef2cfd19028772d
276,,,dfc1ce83982ce00a7b3b0e3ee03a409ca5aaaf4cefcae98442811c756734e420
277,,,68ebcfe4ad6326b78b6f14193e24f107080199551b8bd89fda74823d2567022c
278,,,01c7591558af37532e0080a4d4f977beced3c864b9e8c9618cacd0bd3501c088
279,,,d20b1f3e8cedc630cc57c489c319556f2dbb35327fd84a4b21513f11dd6723d5
280,,,0f29cd2728665e6b6df0c29baca720b27413d5f927b389a1d00b4b55db1ff36e
281,,,921cf405c38443a8cf164f90507622480f9e40bf10ca93ecd83df18d1c93a4fa
282,,,40a6acbde3c9663dab3cc965b0d5947d52aaf3fe665a1b01e4ac1e7a450fbcf4
283,,,3e80695762f8c57fa3773f9049dd01066d26a3d0c2136c1b9221cec38614c07f
284,,,543fa4da4d32750a315a8ae6f378ceb386cdcd81138b1ba4da009145048dd106
285,,,85c830436671e4871957360a11aaa0caa9bed58922447bdc86025fd46167ed14
286,,,a12afe0d3ae9d11c63a4b486f08866c111bcb605f256cd66f7f154b29a8754a6
287,,,e7c55b95722f1b3092d0a644551af1ae2333b8fe5ddc57c5cc4e8dcd6770c2ca
288,,,94846a8a4856d3869625af55153f573e94593f9f413a9f908088a00167a6a1d8
289,,,6553af300eac3976e0464193c5fdcfa73d30b25d6b051eadd3d32a73a1f2c7f9
290,,,596d1d76c421c7666a02305318c9ea7bc53e52cbc6dfca10539d8f92bf16e991
291,,,0954dd30d0b6b4b341219c0bbec3bed6e6c63b5dd71ac8eca9a5ef7b2204b699
292,,,9676ae777dce7e967317ad64d6d3488b7f075995ec6a72dad56a3173c9107384
293,,,347f7beb1a0d466db71f99f246b86ea9af7dd6b0995b7f915951745f200ab09d
294,,,8de6ab6c92e9e3bcae8a281f35d5ee6a3fcbd01a3df5605a56caf91a8ddd67f9
295,,,410a8c32cbe07e3082e58a3ff50f43f6baa52919c69340c7b81bac119dfcaf36
296,,,106d03289a164c14eb0a3c903650ea6ec02a5af3ca4f43c01d99c2817502c872
297,,,376f6f3e70b3bc9e4ecb3b88184ef1fac4374ac468f5a800d697d39c1df18368
298,,,8e1195386dcd2e640df6620d741211a29f256d74e3e32c4405925665d6a10da8
299,,,a3675e02ec058c1407b4ba219e9088e62e98d8708a26b5bf30cbe46f8dee70c3
300,,,bb28c83befe975ae2a4e17bff41a5a6428704b0932bd757f8470399feaf97968
301,wendy-the-banker,587645e2-5ace-11ed-9b6a-0242ac120002,2997ae05264ece9d568c804a8d81fa7a7f6a2ef5db231522f8aed2ab4b2b1f62
302,uduak-the-dark horse,58764862-5ace-11ed-9b6a-0242ac120002,c616f824381a27fa6d17a52bd0870f3b0fb39dd594bf62351556e6d52d32f3f5
303,timeyin -the -eccentric,58764a2e-5ace-11ed-9b6a-0242ac120002,1161727fa05338492750baa0933c29cfc6fbeef7042db3e7316491d4b75e2a71
304,omawunmi -the -businesswoman,58764b78-5ace-11ed-9b6a-0242ac120002,656920c2fbe9281771ddb32b51b5682c11cd5ff483a6a280842a5b93e65c46dc
305,halima -the -housewife,58764d8a-5ace-11ed-9b6a-0242ac120002,de688ff1d02e6aed078ad3272226628c42640bdb80c1db7110b4289752c5f716
306,muna -the -block sister,58764ea2-5ace-11ed-9b6a-0242ac120002,e642669fa48bf51a5b88ff9f122ff051e86524e73c29fe9677953c0ade1e1b58
307,stella -the -gossip,58764fd8-5ace-11ed-9b6a-0242ac120002,1498c077c756b47fc2f47d82359eaf568286687c4bce66c2cb9cf53fcafb803c
308,agbani -the -wannabe,5876542e-5ace-11ed-9b6a-0242ac120002,cccafcd2bd4aca6e9cebcc6bc236f72d55450dfd0454b81b2bf6e6ccc4cca622
309,asante-the -warrior,58765578-5ace-11ed-9b6a-0242ac120002,6b0b88c7384497dc6803dd7f4830938dde0a35699313029101d846a2047965a8
310,hilda -the insomaniac,5876569a-5ace-11ed-9b6a-0242ac120002,802482ba59aabc0b2425d8475fb974a051c005ba458c3854d7fd45ce2230f061
311,sisi yemi-the -street aunty,587657a8-5ace-11ed-9b6a-0242ac120002,cd0409809e42868409465633b7d181490c8449fb425fad8ca06a45f60593dc90
312,chiamaka -the -bully,587658ca-5ace-11ed-9b6a-0242ac120002,859fa30cf0b8cc8f49fff1d11add66cffa8e132884637b0591a8926a1d70452b
313,gift-the-fashionista,58765adc-5ace-11ed-9b6a-0242ac120002,5c418aa571eaa3fa5b1d0db2931bf094f248506149a2c77d7b3722bdbf11e4d3
314,omoyene-the-weirdo,58765bea-5ace-11ed-9b6a-0242ac120002,2a12b1c1173d6ceb1ecd9fc99ee841f5e882bd349ef12150251915782aef8fc0
315,maria-the -freshface,58765d02-5ace-11ed-9b6a-0242ac120002,9d890c7929744e8ccd5ec06793d5d2d4f98f021cdc4170b1642a7be533e9d1fc
316,monica-the-smoker,58765e24-5ace-11ed-9b6a-0242ac120002,bc663ff60d2790d222ddf36121bebbad0075a494989ff29a5b4df558f60c24ea
317,,,b2a466dac7fd352f8ec1ba16590e804262c044b048c62a5ae602215440be6cbf
318,,,5ad73921d651faa399d968adc3a8c37096ba0d42d365eb78e5272331a5beb3aa
319,,,00319637def5ddced9b9c862b70beb55ab85e8bdea581556346080f620ce9e0d
320,,,80a4950830d37dc54b84be5ef7ace7575c4e89505d54472727617345c556e521
321,,,155a41718060f1acc89559e0fbe0cab0f58afa9d32e14155593fccfac754a518
322,,,d52048c971b3420563ddb9d350bf237a1b4bfad0769f20f6fcecfc1e0922f885
323,,,c782eb5a4940f1df055f1e0ef51e7ee2b8891960198cf7d73f28429f43009e0e
324,,,95eb8bf93e57f7cc5b3a5c64277ed0c9486f03ea3e74f8cfca4dad0767714eb6
325,,,82923d81f6c493a217c7f9eb2431d06d70bc0ff519bba61a0e9ae3cdce0e614f
326,,,863915e448ac31104e15d69967cc72bb4cdc5c12983026396cd8ef57ef2cc53e
327,,,7f2041226ce485936845adf9d10e9932c1b8ecc77171abf043e1d68c514ba427
328,,,4818abcd9abb2da551c5c61a32f507afc006a4554af1b79c95e6aaa324bbebff
329,,,d3e96b360cd0b55c22dcdf808ace2d658078fe5cc8b2c70a29d33d37c7148c5e
330,,,9ec2c804f4eb896462a7d6c2c0b7b9900d9a60aef61745cc5639edd9a1624481
331,,,4be1fa6f476997efccc81f80c954d7d226cae728fc4b093b3957cb89e58dd8ef
332,,,cabc28f039199ab6f17f0f8d6ac1de6b87963c3e5ebaee64bc54a94edd3ecdac
333,,,1b18bb0a00b5c7b05cb5166105defffd421b6f92ddcd1008e780ed67db59e034
334,,,e0ad2b0b834a4930ccf14092bd5a5256488ecba0e560fa53745d5b32ab1d4eba
335,,,e9d6f0e31263c4f7201a559bf0860fc6985b3ef9a36b7676c3db2f29c6b04fd0
336,,,8ec53eaebe38a1ae96b7df416fedceffcee4b20279818751d61657b6439d0e32
337,,,e9657062be04d74ed56a27dbecdaee3f353faa878be9394e8e988ed8b8b63608
338,,,546b58e96bb6cb8346a87da9101397030beb76fd9f2c37b8b95030ba5d1f68f1
339,,,72ee9530d7330c2a0fc02f730155c438489874554ecd362bc51f0b874dd8dd1b
340,,,27b2b4b2025e91da859abcb8bc552c47b84310a8d7bd9835ef95923279a4d6e6
341,mansur-the-partyrider,78db0f29-3936-4d9c-bb90-3dbf20dba2dd,b622a9cd8e33c29a793f4883afafde5a4007d5cdd91a3cb1932f753ef606c062
342,tola-the-businessman,1c5d5a6b-cf04-4bf9-978e-22a7e9bc5819,8f0f91005f8df9b210ba0dfbcacbe0fbf281b4487a9054345cedbc5ffe99ead9
343,abdullahi-the-honorable,dd708276-445f-4483-8357-fc08e999328f,d928baf90e9c14a7f303676eea8ec1c885208a13e5e0e7ee01135ca2580debe6
344,ojukwu-the-badguy,76c1eabf-15ea-446a-8426-472982c4d800,4c7f4390c24e604ecfc8852a355bba015d64f09ae9567063eb75b1405686992b
345,odunsi-the-egbonadugbo,2912ab8b-5875-4277-a5c2-a0209aee90ae,8dc35e4ec2ced79c02e02e35090c7e8edee1c31a323cd559b7b186d226ac81aa
346,ogogo-the-sugardaddy,aa575f30-04ad-45f9-a798-199465117793,679994554a8e8c3656a4038c38f3e6e2b7fa500b2a4c728c65bf3db7459c21e7
347,suli-the-amalaseller,46fd4821-04dd-4f65-9290-c130a00c4c93,cabd1f12403d27525e67fb8cf533010272009b814613ed0c811ca46df0a31142
348,dolapo-the-afrocentric,cbab232b-5c62-4df8-867b-018a2e496cd4,e8a62d1b6aa9756a946acd78635c0ff3b5c910647a6e92d96d1f6b58e5f581c4
349,danjuma-the-saddist,5a42af57-186e-425b-b6b1-f72bda4911ef,242cee042f0b3501c76f3ba360ca13bf2f6f1de4091c2048d6f0f48f0c713a58
350,chinedu-the-farmer,9e8a55d7-0d8d-465d-a628-08ddd387a2c6,fbdef07b732eb1ca60fea6949bb6684761a006c9b5da2cdfd75c0e3fd79d1dba
351,kola-the-baldguy,c32f1757-da9c-49e8-bd79-510a42b6971a,995b4d689dea8f1308566ff899f4975f29c52dea7660688e87c20fa66ee122b0
352,bola-the-bosslady,09ff910d-a2be-49d5-8b27-b9378458701c,4d4a27a102c6c76d099519d4579729bf1f9a86b59a43d3b96f12f826e46cebce
353,kunle-the-alienguy,dea2f5d8-e3ba-4d3f-9a17-0a7edfd0c100,1210d83e8340d312912c8389bbabf5f62ada844fda1c908023f856e41c6b3691
354,segun-the-sharp,f9159a9c-f48d-4aee-bcc1-63c86209f806,191bf614084d08542d7ef51cf4eb98c22dc7bcda188b531829cb160c3c1e909d
355,ola-the-hardguy,a814fc77-bdfa-4e50-8ba8-3e4e4bcfb3c0,47694417de6d02febdcd5eecc18b738ceb2eec87c70979559647e3764d1a0254
356,emeka-the-chief,195e89c8-0b6f-43ad-9a2c-d20f03439e96,8449cc9790b6df384f35d6ea97081c410a4ae53fe24dba835a3c7f2b2ff876f6
357,ugochukwu-the-celeb,74775cda-cff4-4d21-8819-693127598eca,14424967263b63132860850c32e176874796a8dae93f57bc1ec451c2d624ec07
358,adekunle-the-yorubademon,5c98c2d8-3144-4e08-8a0f-9b8d7e4f5aa7,17b43f5825648227787da49d79114a29883407a946948d98a97d274178e05efa
359,favour-the-fashionista,19fc15c3-80fe-4d45-a2fe-be8f087d57c4,1763b314dc6610f7ad2bc739eef2303f29880a7c7dd7697c714feb3b5f49765c
360,jane-the-slayqueen,74775cda-cff4-4d21-8819-693127598eca,b6c8341ddadccc66a8a042c776d86ea4e414dcda91f20584ad6c86a70dd08718
361,,,6ac2eeb731624c8ffed37344a7939cc8361eb5207154dd969c8f91b86a3dbdb6
362,,,8dcc777ce72038228483ca34e0a28f84bfef18ad05ec473a357cab9c546f1024
363,,,be33448b480440682411b9b180bf85e7f944c93f0cf13522cc854813e5eef6f8
364,,,ef70c066e37595c42637cfd80f59aa16404d203d99cefa28def14253aa34ec89
365,,,2c68226c15376b1386fd7d0bfc20043b2ae5f2e69b3e81b21f04e41e85be3ccd
366,,,d1d13e9c9d3550d09b6b95daf46ea23bcf844e2962a08943e741033a96a41e22
367,,,4760c7d413b900b321c9e81d1ceacb303fcb3797b93e8f7d2782cf5e2ec8e6ae
368,,,0f0f255755467ab4f2caf37a088af038b5b9ba96c78465eaac590b4d1f2befe6
369,,,b1348d6b1cf617da3207a2bef0bdcb610366ad6898261a37499449a876717d25
370,,,6b61b24fc0f2dba622ece249c9c6635473f239658eb71b5479f5140409ac8943
371,,,b0a070891a1ecdde5235ed2c97822f5e33d0cac800ddad170ebf18ae6dd853ce
372,,,c2fd391463ef01bf40c0fe4249cafe5313c50e3ee660a101a280559b001e57ed
373,,,c49f3fc32dc240d3867f7401f80126741f1fddf51e18740243083f25b8bab83d
374,,,7be0ea0c18b84d5a8038b738c66f774eb6cdd605623660bd21e08dbf8e51a731
375,,,4ae7a9d091a1da9ae1ea59c583c6c8274473239406c55baad1035770c4a36218
376,,,7ab083adeab8eb4fc9e3d09ff60f5be7121cbb7713aaf1ec8bde43964afa68b1
377,,,de3790ebc9f3474fcd64a1c7315d5964713b51b83b9168257869841a11faec53
378,,,374d1c598fb679885f425d8c6c11c9d3f2eeb752c04fff35d9b90a6d298d5314
379,,,a74fbd332b95d8b21c114b2ef1304fc6a718eddb42c980c967e15ba3ed1ecb64
380,,,c749fef35be9d847bf7bb9b543478b23300f26d03718b8b020d2fbb1f663b7a8
381,,,f7ea507f9cc27c02bf97bd1e621e2be9e41116d378c76687eafcbc4019eea48e
382,,,9957d4d5727b77aa750cb9217275363df9d59c0c5c44551708df427a6e4e4bee
383,,,bb7bc770d4e4bb754d5cec23ab8fbd59f708fb67a1d1e29cdba88590aa8b698d
384,,,449f028bf3d0dee256406db845595906f666b9ddadf667c179f4bfcd785de502
385,,,2ae0e0bf91fac7537a24fbfbd65de8fdb4166fd5a04f6bc7a920fb0de68fc6b4
386,,,d689035447d3e9c7fe8d4d030bba4e0f479b47ad66ac264187a2c1a48935dbb2
387,,,b5dec120e5d1f87a8c54a71e1015b0c8ba232ea5de5e798ce4d53383f8a1e9d4
388,,,538e38827aada66653f7bb7cab2401ea1f872ae6a2c7c0e829e2da1ee62dcbe5
389,,,cdaaa97dcf690a86e58dc96c3aa0a98f38c49fd793d0e7660ab37984bccac65c
390,,,25592a328ebc6dedb5d5e1de0117b81e3f36ea0f4e52a0f894d6f704ce89009d
391,,,1d7dae7df2ce93123b0338f22123b03666ac8a8ed9fd6293e8573afbac7d8b5d
392,,,474c11ab759e8f1f30b9cdd38de7290d4321a8cb9075ff7ec2652390d7ec37e0
